Workbook

Sheet Patient Records
A1: CLINIC MANAGEMENT SYSTEM — PATIENT RECORDS
A3: SR. | B3: PATIENT NAME | C3: AGE | D3: DOCTOR NAME | E3: VISIT FEE (RS.) | F3: VISITS | G3: TOTAL BILL (RS.) | H3: AVG BILL (RS.) | I3: COST STATUS | J3: FOLLOW UP | K3: FEE TYPE | L3: ATTENDANCE
A4: 1 | B4: RAHUL SHARMA | C4: 32 | D4: DR. ANIL GUPTA | E4: 1200 | F4: 5 | G4: =E4*F4 -> 6000 | H4: =AVERAGE($G$4:$G$28) -> 4816.8 | I4: =IF(G4>5000,"HIGH COST","NORMAL") -> HIGH COST | J4: NO | K4: =IF(E4>=1000,"EXPENSIVE","AFFORDABLE") -> EXPENSIVE | L4: =IFERROR(VLOOKUP(B4,'Visit Tracker'!$B$5:$I$29,8,0),"") -> 0.8
A5: 2 | B5: PRIYA VERMA | C5: 28 | D5: DR. SUNITA MEHTA | E5: 800 | F5: 1 | G5: =E5*F5 -> 800 | H5: =AVERAGE($G$4:$G$28) -> 4816.8 | I5: =IF(G5>5000,"HIGH COST","NORMAL") -> NORMAL | J5: YES | K5: =IF(E5>=1000,"EXPENSIVE","AFFORDABLE") -> AFFORDABLE | L5: =IFERROR(VLOOKUP(B5,'Visit Tracker'!$B$5:$I$29,8,0),"") -> 0.2
A6: 3 | B6: AMIT SINGH | C6: 45 | D6: DR. RAJESH KUMAR | E6: 1500 | F6: 4 | G6: =E6*F6 -> 6000 | H6: =AVERAGE($G$4:$G$28) -> 4816.8 | I6: =IF(G6>5000,"HIGH COST","NORMAL") -> HIGH COST | J6: NO | K6: =IF(E6>=1000,"EXPENSIVE","AFFORDABLE") -> EXPENSIVE | L6: =IFERROR(VLOOKUP(B6,'Visit Tracker'!$B$5:$I$29,8,0),"") -> 0.8
A7: 4 | B7: SUNITA PATEL | C7: 55 | D7: DR. ANIL GUPTA | E7: 900 | F7: 7 | G7: =E7*F7 -> 6300 | H7: =AVERAGE($G$4:$G$28) -> 4816.8 | I7: =IF(G7>5000,"HIGH COST","NORMAL") -> HIGH COST | J7: NO | K7: =IF(E7>=1000,"EXPENSIVE","AFFORDABLE") -> AFFORDABLE | L7: =IFERROR(VLOOKUP(B7,'Visit Tracker'!$B$5:$I$29,8,0),"") -> 1
A8: 5 | B8: ROHIT JOSHI | C8: 19 | D8: DR. SUNITA MEHTA | E8: 600 | F8: 2 | G8: =E8*F8 -> 1200 | H8: =AVERAGE($G$4:$G$28) -> 4816.8 | I8: =IF(G8>5000,"HIGH COST","NORMAL") -> NORMAL | J8: NO | K8: =IF(E8>=1000,"EXPENSIVE","AFFORDABLE") -> AFFORDABLE | L8: =IFERROR(VLOOKUP(B8,'Visit Tracker'!$B$5:$I$29,8,0),"") -> 0.4
A9: 6 | B9: KAVITA RAO | C9: 38 | D9: DR. PRIYA SHARMA | E9: 1100 | F9: 3 | G9: =E9*F9 -> 3300 | H9: =AVERAGE($G$4:$G$28) -> 4816.8 | I9: =IF(G9>5000,"HIGH COST","NORMAL") -> NORMAL | J9: NO | K9: =IF(E9>=1000,"EXPENSIVE","AFFORDABLE") -> EXPENSIVE | L9: =IFERROR(VLOOKUP(B9,'Visit Tracker'!$B$5:$I$29,8,0),"") -> 0.6
A10: 7 | B10: VIKRAM MALHOTRA | C10: 62 | D10: DR. RAJESH KUMAR | E10: 1800 | F10: 6 | G10: =E10*F10 -> 10800 | H10: =AVERAGE($G$4:$G$28) -> 4816.8 | I10: =IF(G10>5000,"HIGH COST","NORMAL") -> HIGH COST | J10: NO | K10: =IF(E10>=1000,"EXPENSIVE","AFFORDABLE") -> EXPENSIVE | L10: =IFERROR(VLOOKUP(B10,'Visit Tracker'!$B$5:$I$29,8,0),"") -> 1
A11: 8 | B11: DEEPA NAIR | C11: 41 | D11: DR. PRIYA SHARMA | E11: 950 | F11: 2 | G11: =E11*F11 -> 1900 | H11: =AVERAGE($G$4:$G$28) -> 4816.8 | I11: =IF(G11>5000,"HIGH COST","NORMAL") -> NORMAL | J11: NO | K11: =IF(E11>=1000,"EXPENSIVE","AFFORDABLE") -> AFFORDABLE | L11: =IFERROR(VLOOKUP(B11,'Visit Tracker'!$B$5:$I$29,8,0),"") -> 0.4
A12: 9 | B12: ARJUN MEHTA | C12: 25 | D12: DR. ANIL GUPTA | E12: 700 | F12: 1 | G12: =E12*F12 -> 700 | H12: =AVERAGE($G$4:$G$28) -> 4816.8 | I12: =IF(G12>5000,"HIGH COST","NORMAL") -> NORMAL | J12: YES | K12: =IF(E12>=1000,"EXPENSIVE","AFFORDABLE") -> AFFORDABLE | L12: =IFERROR(VLOOKUP(B12,'Visit Tracker'!$B$5:$I$29,8,0),"") -> 0.2
A13: 10 | B13: MEENA IYER | C13: 50 | D13: DR. SUNITA MEHTA | E13: 1300 | F13: 5 | G13: =E13*F13 -> 6500 | H13: =AVERAGE($G$4:$G$28) -> 4816.8 | I13: =IF(G13>5000,"HIGH COST","NORMAL") -> HIGH COST | J13: NO | K13: =IF(E13>=1000,"EXPENSIVE","AFFORDABLE") -> EXPENSIVE | L13: =IFERROR(VLOOKUP(B13,'Visit Tracker'!$B$5:$I$29,8,0),"") -> 0.8
A14: 11 | B14: SANJAY TIWARI | C14: 35 | D14: DR. RAJESH KUMAR | E14: 1000 | F14: 4 | G14: =E14*F14 -> 4000 | H14: =AVERAGE($G$4:$G$28) -> 4816.8 | I14: =IF(G14>5000,"HIGH COST","NORMAL") -> NORMAL | J14: NO | K14: =IF(E14>=1000,"EXPENSIVE","AFFORDABLE") -> EXPENSIVE | L14: =IFERROR(VLOOKUP(B14,'Visit Tracker'!$B$5:$I$29,8,0),"") -> 0.6
A15: 12 | B15: POOJA BHATIA | C15: 29 | D15: DR. PRIYA SHARMA | E15: 850 | F15: 3 | G15: =E15*F15 -> 2550 | H15: =AVERAGE($G$4:$G$28) -> 4816.8 | I15: =IF(G15>5000,"HIGH COST","NORMAL") -> NORMAL | J15: NO | K15: =IF(E15>=1000,"EXPENSIVE","AFFORDABLE") -> AFFORDABLE | L15: =IFERROR(VLOOKUP(B15,'Visit Tracker'!$B$5:$I$29,8,0),"") -> 0.6
... A28: 25 | B28: VIKAS GOYAL | C28: 58 | D28: DR. ANIL GUPTA | E28: 1950 | F28: 7 | G28: =E28*F28 -> 13650 | H28: =AVERAGE($G$4:$G$28) -> 4816.8 | I28: =IF(G28>5000,"HIGH COST","NORMAL") -> HIGH COST | J28: NO | K28: =IF(E28>=1000,"EXPENSIVE","AFFORDABLE") -> EXPENSIVE | L28: =IFERROR(VLOOKUP(B28,'Visit Tracker'!$B$5:$I$29,8,0),"") -> 1
A29: TOTAL / AVERAGE | E29: =SUM(E4:E28) -> 28120 | F29: =SUM(F4:F28) -> 93 | G29: =SUM(G4:G28) -> 120420 | H29: =AVERAGE(G4:G28) -> 4816.8

Sheet Visit Tracker
A1: CLINIC MANAGEMENT SYSTEM — VISIT TRACKER
A2: P = PRESENT | A = ABSENT | L = LEAVE
A4: SR. | B4: PATIENT NAME | C4: DAY 1 (MON) | D4: DAY 2 (TUE) | E4: DAY 3 (WED) | F4: DAY 4 (THU) | G4: DAY 5 (FRI) | H4: TOTAL VISITS | I4: ATTENDANCE %
A5: 1 | B5: RAHUL SHARMA | C5: P | D5: P | E5: A | F5: P | G5: P | H5: =COUNTIF(C5:G5,"P") -> 4 | I5: =H5/5 -> 0.8
A6: 2 | B6: PRIYA VERMA | C6: A | D6: A | E6: A | F6: A | G6: P | H6: =COUNTIF(C6:G6,"P") -> 1 | I6: =H6/5 -> 0.2
A7: 3 | B7: AMIT SINGH | C7: P | D7: P | E7: P | F7: A | G7: P | H7: =COUNTIF(C7:G7,"P") -> 4 | I7: =H7/5 -> 0.8
A8: 4 | B8: SUNITA PATEL | C8: P | D8: P | E8: P | F8: P | G8: P | H8: =COUNTIF(C8:G8,"P") -> 5 | I8: =H8/5 -> 1
A9: 5 | B9: ROHIT JOSHI | C9: P | D9: A | E9: P | F9: A | G9: A | H9: =COUNTIF(C9:G9,"P") -> 2 | I9: =H9/5 -> 0.4
A10: 6 | B10: KAVITA RAO | C10: P | D10: P | E10: A | F10: P | G10: A | H10: =COUNTIF(C10:G10,"P") -> 3 | I10: =H10/5 -> 0.6
A11: 7 | B11: VIKRAM MALHOTRA | C11: P | D11: P | E11: P | F11: P | G11: P | H11: =COUNTIF(C11:G11,"P") -> 5 | I11: =H11/5 -> 1
A12: 8 | B12: DEEPA NAIR | C12: A | D12: P | E12: P | F12: A | G12: A | H12: =COUNTIF(C12:G12,"P") -> 2 | I12: =H12/5 -> 0.4
A13: 9 | B13: ARJUN MEHTA | C13: A | D13: A | E13: A | F13: A | G13: P | H13: =COUNTIF(C13:G13,"P") -> 1 | I13: =H13/5 -> 0.2
A14: 10 | B14: MEENA IYER | C14: P | D14: P | E14: A | F14: P | G14: P | H14: =COUNTIF(C14:G14,"P") -> 4 | I14: =H14/5 -> 0.8
A15: 11 | B15: SANJAY TIWARI | C15: P | D15: A | E15: P | F15: P | G15: A | H15: =COUNTIF(C15:G15,"P") -> 3 | I15: =H15/5 -> 0.6
A16: 12 | B16: POOJA BHATIA | C16: P | D16: P | E16: P | F16: A | G16: A | H16: =COUNTIF(C16:G16,"P") -> 3 | I16: =H16/5 -> 0.6
... A29: 25 | B29: VIKAS GOYAL | C29: P | D29: P | E29: P | F29: P | G29: P | H29: =COUNTIF(C29:G29,"P") -> 5 | I29: =H29/5 -> 1

Sheet Dashboard
B1: CLINIC MANAGEMENT SYSTEM — DASHBOARD
B3: TOTAL PATIENTS | D3: HIGH COST | G3: NORMAL COST | J3: TOTAL REVENUE | L3: AVG. BILL
B4: =COUNTA('Patient Records'!B4:B28) -> 25 | D4: =COUNTIF('Patient Records'!I4:I28,"HIGH COST") -> 10 | G4: =COUNTIF('Patient Records'!I4:I28,"NORMAL") -> 15 | J4: =SUM('Patient Records'!G4:G28) -> 120420 | L4: =AVERAGE('Patient Records'!G4:G28) -> 4816.8
B6: DOCTOR-WISE SUMMARY | G6: COST DISTRIBUTION TABLE
B7: DOCTOR NAME | D7: PATIENTS | E7: AVG BILL (RS.) | G7: COST TYPE | I7: PATIENTS | K7: TOTAL BILL | M7: % SHARE
B8: DR. ANIL GUPTA | D8: =COUNTIF('Patient Records'!$D$4:$D$28,"DR. ANIL GUPTA") -> 7 | E8: =IFERROR(AVERAGEIF('Patient Records'!$D$4:$D$28,"DR. ANIL GUPTA",'Patient Records'!$G$4:$G$28),0) -> 4238.5714 | G8: HIGH COST | I8: =COUNTIF('Patient Records'!I4:I28,"HIGH COST") -> 10 | K8: =SUMIF('Patient Records'!I4:I28,"HIGH COST",'Patient Records'!G4:G28) -> 87200 | M8: =IFERROR(K8/K10,0) -> 0.7241322
B9: DR. SUNITA MEHTA | D9: =COUNTIF('Patient Records'!$D$4:$D$28,"DR. SUNITA MEHTA") -> 6 | E9: =IFERROR(AVERAGEIF('Patient Records'!$D$4:$D$28,"DR. SUNITA MEHTA",'Patient Records'!$G$4:$G$28),0) -> 4075 | G9: NORMAL COST | I9: =COUNTIF('Patient Records'!I4:I28,"NORMAL") -> 15 | K9: =SUMIF('Patient Records'!I4:I28,"NORMAL",'Patient Records'!G4:G28) -> 33220 | M9: =IFERROR(K9/K10,0) -> 0.2758678
B10: DR. RAJESH KUMAR | D10: =COUNTIF('Patient Records'!$D$4:$D$28,"DR. RAJESH KUMAR") -> 6 | E10: =IFERROR(AVERAGEIF('Patient Records'!$D$4:$D$28,"DR. RAJESH KUMAR",'Patient Records'!$G$4:$G$28),0) -> 6608.3333 | G10: TOTAL | I10: =I8+I9 -> 25 | K10: =K8+K9 -> 120420 | M10: =IFERROR(K10/K10,0) -> 1
B11: DR. PRIYA SHARMA | D11: =COUNTIF('Patient Records'!$D$4:$D$28,"DR. PRIYA SHARMA") -> 6 | E11: =IFERROR(AVERAGEIF('Patient Records'!$D$4:$D$28,"DR. PRIYA SHARMA",'Patient Records'!$G$4:$G$28),0) -> 4441.6667
B13: 📊 VISUAL ANALYTICS

Sheet _Data
A1: COST TYPE | B1: COUNT | D1: PATIENT | E1: TOTAL BILL (RS.) | G1: GENDER | H1: COUNT
A2: HIGH COST | B2: =COUNTIF('Patient Records'!I4:I28,"HIGH COST") -> 10 | D2: RAHUL | E2: 6000 | G2: MALE | H2: 13
A3: NORMAL COST | B3: =COUNTIF('Patient Records'!I4:I28,"NORMAL") -> 15 | D3: PRIYA | E3: 800 | G3: FEMALE | H3: 12
D4: AMIT | E4: 6000
D5: SUNITA | E5: 6300
D6: ROHIT | E6: 1200
D7: KAVITA | E7: 3300
D8: VIKRAM | E8: 10800
D9: DEEPA | E9: 1900
D10: ARJUN | E10: 700
D11: MEENA | E11: 6500
D12: SANJAY | E12: 4000
D13: POOJA | E13: 2550

Sheet Formulas Used
A1: CLINIC MANAGEMENT SYSTEM — FORMULAS USED
A2: No. | B2: Formula Name | C2: Syntax / Example | D2: Purpose
A3: 1 | B3: Attendance % | C3: ​=(4/5)*100 | D3: Calculates attendance percentage
A4: 2 | B4: Attendance % (Cell) | C4: ​=H5/5 (format as %) | D4: Attendance using cell reference
A5: 3 | B5: Total Bill | C5: ​=E4*F4 | D5: Consultation fee × visits
A6: 4 | B6: Grand Total Billing | C6: ​=SUM(G4:G28) | D6: Adds all patient bills
A7: 5 | B7: Average Bill | C7: ​=AVERAGE(G4:G28) | D7: Finds average billing
A8: 6 | B8: Avg Bill per Doctor | C8: ​=AVERAGEIF(D4:D28,"DR. ANIL GUPTA",G4:G28) | D8: Average bill per doctor
A9: 7 | B9: Cost Status | C9: ​=IF(G4>5000,"HIGH COST","NORMAL") | D9: Categorizes bill value
A10: 8 | B10: Fee Type | C10: ​=IF(E4>=1000,"EXPENSIVE","AFFORDABLE") | D10: Classifies fee type
A11: 9 | B11: Payment Status | C11: ​=IF(CELL=1,"PAID","PENDING") | D11: Shows payment status
A12: 10 | B12: Total Patients | C12: ​=COUNTA(B4:B28) | D12: Counts total patients
A13: 11 | B13: High Cost Patients | C13: ​=COUNTIF(I4:I28,"HIGH COST") | D13: Counts expensive cases
A14: 12 | B14: Follow-up Patients | C14: ​=COUNTIF(J4:J28,"YES") | D14: Counts follow-ups
